fips,year,actual_production_bu,predicted_production_bu
27003,2000,795600.0,1608450.0
27003,2006,529200.0,2054597.4
27003,2007,1061674.0,2275532.2
27003,2009,984000.0,2317943.8
27003,2021,458000.0,1293010.0
27003,2022,502239.0,1952825.0
27005,2003,1302900.0,873138.4
27005,2010,4710000.0,3969542.0
27005,2013,8016000.0,3708955.8
27005,2017,9713439.0,3307847.5
27005,2019,9330000.0,5518959.0
27005,2021,9743000.0,7367979.5
27007,2000,78400.0,266665.47
27007,2001,48500.0,395076.84
27007,2004,0.0,-45446.457
27007,2007,59117.0,373973.84
27007,2009,0.0,565089.0
27009,2007,3651312.0,3840835.0
27009,2008,6250000.0,8130861.5
27009,2017,8640821.0,13451345.0
27009,2019,6910000.0,3504370.2
27011,2000,9841800.0,16754303.0
27011,2005,12235600.0,17844748.0
27011,2008,12960000.0,18188536.0
27011,2009,14385000.0,14648457.0
27011,2013,15150000.0,25487802.0
27011,2020,17918000.0,20724162.0
27015,2001,19446100.0,17538532.0
27015,2002,19434078.0,23082610.0
27015,2007,24489176.0,30527438.0
27015,2012,24108560.0,28515650.0
27015,2014,26690000.0,29227114.0
27017,2001,18000.0,-46394.05
27017,2004,0.0,243638.64
27017,2010,75000.0,840491.9
27017,2012,61555.0,799219.75
27017,2019,0.0,148256.62
27019,2003,8047499.5,4441526.5
27019,2004,9362400.0,5905112.5
27019,2005,10037700.0,9861282.0
27019,2011,8620000.0,8391575.0
27019,2013,8906000.0,8724165.0
27021,2001,349800.0,122690.62
27021,2003,378000.0,1060730.8
27021,2007,303305.0,-65671.5
27021,2009,0.0,664653.3
27021,2017,466732.0,833586.4
27021,2021,0.0,464128.47
27023,2001,19232400.0,24237904.0
27023,2003,21006900.0,24064284.0
27023,2008,22720000.0,28936686.0
27023,2013,29062000.0,32093728.0
27023,2017,28879672.0,32699646.0
27023,2022,32869160.0,32478890.0
27025,2005,2692400.0,2654730.8
27025,2013,3760000.0,1862819.1
27025,2021,3758000.0,3576953.5
27025,2022,3206533.0,3667241.0
27027,2001,3161600.0,2921703.8
27027,2004,4794400.0,5122575.0
27027,2006,5480800.0,3803568.8
27027,2007,11085749.0,6785962.0
27027,2008,13550000.0,9553555.0
27027,2017,25224230.0,13863379.0
27029,2000,150000.0,292535.34
27029,2002,154666.0,1400728.6
27029,2009,0.0,1040981.44
27029,2020,966000.0,1509864.8
27029,2022,528337.0,3794434.5
27031,2005,0.0,362782.0
27031,2006,0.0,434758.7
27031,2007,0.0,555310.94
27031,2008,0.0,624934.8
27031,2009,0.0,758908.9
27031,2016,0.0,417810.62
27031,2021,0.0,613316.9
27031,2022,0.0,-205021.67
27033,2000,24052600.0,30561232.0
27033,2006,30323600.0,32797516.0
27033,2014,30462000.0,31361120.0
27033,2015,35956000.0,41852920.0
27035,2002,680806.0,1711644.9
27035,2003,360000.0,1646571.9
27035,2020,957000.0,856940.6
27037,2000,12783200.0,6612913.0
27037,2002,14390758.0,9055044.0
27037,2008,12910000.0,11928698.0
27037,2013,11720000.0,9802063.0
27037,2015,17238000.0,12073175.0
27037,2018,15812000.0,6102615.5
27037,2019,16024000.0,7411515.0
27039,2001,14385600.0,14408024.0
27039,2013,14150000.0,20037348.0
27039,2016,25033000.0,30225030.0
27041,2002,5934810.0,13594843.0
27041,2004,6822400.0,12084558.0
27041,2011,7190000.0,14610454.0
27041,2018,0.0,16973616.0
27041,2019,0.0,16268070.0
27041,2020,11912000.0,19789340.0
27041,2022,12507296.0,18877820.0
27043,2002,33694696.0,34225336.0
27043,2011,37780000.0,40800870.0
27043,2012,35392564.0,37174736.0
27045,2001,16952000.0,13344333.0
27045,2008,25930000.0,20819868.0
27045,2013,24871000.0,18115394.0
27045,2020,29937000.0,27673044.0
27045,2021,32841000.0,20490678.0
27047,2000,25506200.0,22440974.0
27047,2001,21600000.0,16404718.0
27047,2005,32108002.0,25873032.0
27047,2006,30915100.0,26701620.0
27047,2009,32692002.0,27369960.0
27047,2014,34380000.0,28705432.0
27047,2015,38640000.0,33397900.0
27049,2000,19248200.0,9664495.0
27049,2002,20060884.0,14766231.0
27049,2003,19592000.0,14917141.0
27049,2018,27780000.0,17294184.0
27049,2020,28809000.0,19057456.0
27051,2004,13543000.0,16896156.0
27051,2006,14483200.0,14628246.0
27051,2007,16279102.0,13734339.0
27051,2008,15950000.0,16762201.0
27051,2009,15214000.0,15764417.0
27051,2010,17134000.0,21926718.0
27051,2016,26191000.0,27719404.0
27053,2001,1767300.0,2790791.5
27053,2004,2355600.0,2181573.5
27053,2009,2429000.0,1834348.1
27053,2012,3257957.0,3305399.5
27053,2013,2135000.0,1635810.9
27053,2015,2601000.0,3294085.0
27053,2019,1044999.94,1132731.5
27053,2020,2518000.0,2200613.0
27053,2022,727930.0,5288617.0
27055,2007,6956940.0,13831549.0
27055,2009,8357000.5,13251379.0
27055,2016,10575000.0,11106806.0
27057,2007,2314406.0,191037.92
27057,2010,0.0,632052.0
27059,2003,2908800.0,2144139.2
27059,2007,2655491.0,3867448.8
27059,2011,3880000.0,2694472.2
27059,2012,5719624.0,5520627.0
27061,2003,0.0,1068273.2
27061,2011,0.0,414428.75
27061,2022,174888.0,85006.48
27063,2007,31835432.0,31984584.0
27063,2017,31740840.0,37151210.0
27065,2007,1056885.0,1697512.6
27065,2008,1250000.0,1478929.6
27065,2010,1661000.0,2454006.8
27065,2019,0.0,686217.1
27065,2021,1507000.0,2515716.0
27067,2000,20428800.0,23143272.0
27067,2005,25436200.0,22667868.0
27067,2012,29874962.0,24162668.0
27067,2021,0.0,21952104.0
27069,2000,459000.0,2205181.5
27069,2003,391000.0,1701628.1
27069,2005,0.0,2061003.6
27069,2006,294000.0,1003495.56
27069,2010,0.0,2537375.0
27069,2020,983000.0,1024889.4
27071,2003,0.0,1229313.6
27071,2004,0.0,-156719.1
27073,2001,19781000.0,13436682.0
27073,2006,25169700.0,21324432.0
27073,2008,21350000.0,22944338.0
27073,2010,29067000.0,23933656.0
27073,2015,29602000.0,24448698.0
27075,2004,0.0,13462.812
27075,2006,0.0,176732.48
27075,2008,0.0,826252.7
27077,2013,0.0,192950.48
27077,2014,0.0,290593.78
27077,2015,0.0,122359.63
27079,2009,16466000.0,19594184.0
27079,2010,15982000.0,19293260.0
27079,2012,15077166.0,19982184.0
27079,2017,19372272.0,17727992.0
27081,2006,14420500.0,14808374.0
27081,2011,16290001.0,16645401.0
27081,2016,22623000.0,24827402.0
27081,2019,8827000.0,11162598.0
27083,2005,31950000.0,28469198.0
27083,2006,29073000.0,29011636.0
27083,2007,29389530.0,23973902.0
27083,2009,30809000.0,31621804.0
27083,2019,19788000.0,23165366.0
27083,2022,32297252.0,32482296.0
27085,2000,14304000.0,18923852.0
27085,2002,15262058.0,19566804.0
27085,2007,15458336.0,19601034.0
27085,2008,18020000.0,22982072.0
27085,2012,20489236.0,29661460.0
27085,2013,20291000.0,30221064.0
27085,2022,22618846.0,23008316.0
27087,2004,1101600.0,1917985.8
27087,2005,1984000.0,4337374.0
27087,2015,5307000.0,1578908.0
27087,2016,6606000.0,6237339.5
27087,2018,0.0,6771772.0
27089,2010,883000.0,3040651.2
27089,2015,4757000.0,2351095.8
27089,2017,7678799.0,4040363.2
27089,2021,5640000.0,4980449.5
27089,2022,4162308.2,7744315.5
27091,2002,33444752.0,27807700.0
27091,2012,38049624.0,32340652.0
27091,2017,51272044.0,38226984.0
27091,2019,36822000.0,30163072.0
27091,2020,44058000.0,39868210.0
27093,2005,16933500.0,20174304.0
27093,2017,20150390.0,26085028.0
27095,2002,2105396.0,3330462.5
27095,2003,1540000.0,2007594.1
27095,2009,2642000.0,2801861.8
27095,2013,2293000.0,1620136.4
27095,2021,1902000.0,4565792.5
27097,2002,9799243.0,4986372.0
27097,2006,5720000.0,2142984.8
27097,2013,5926000.0,3864107.2
27097,2017,11746855.0,9796326.0
27099,2001,20698000.0,18285794.0
27099,2011,36365000.0,32695538.0
27101,2001,20345400.0,14817368.0
27101,2007,28877208.0,22464054.0
27101,2011,29160000.0,24932730.0
27101,2015,36261000.0,32015674.0
27103,2002,16781120.0,14766504.0
27103,2006,21312000.0,18447256.0
27103,2008,22560000.0,19385106.0
27103,2012,21234990.0,22196592.0
27103,2014,17448000.0,17870806.0
27103,2016,25127000.0,24000548.0
27105,2008,33850000.0,29907762.0
27105,2010,33933000.0,31255436.0
27105,2012,25121380.0,23999544.0
27107,2001,2161600.0,2030718.1
27107,2006,4809300.0,2567595.0
27107,2007,7802439.0,4882654.0
27107,2011,8690000.0,4151128.2
27107,2013,15172000.0,6730407.0
27107,2015,13791000.0,11145720.0
27107,2021,11557000.0,9320171.0
27109,2000,15673800.0,14331749.0
27109,2002,16358065.0,19231402.0
27109,2009,18148000.0,25000042.0
27109,2019,18715000.0,26765164.0
27111,2003,17226000.0,3944154.2
27111,2009,16478001.0,7752271.5
27111,2013,25999000.0,12064840.0
27111,2015,25498000.0,12894903.0
27111,2020,29537000.0,14145203.0
27113,2002,144540.0,2351904.5
27113,2005,0.0,3173928.2
27113,2019,0.0,3474918.2
27113,2021,0.0,5879979.0
27113,2022,1027438.06,9506528.0
27115,2003,1094800.0,1826884.0
27115,2009,1466000.0,616482.4
27115,2011,1700000.0,1321440.8
27115,2013,2020000.0,355080.56
27115,2017,1303624.0,1446568.4
27115,2018,2096999.9,387391.9
27115,2019,1661000.0,174988.33
27117,2000,12536700.0,10982136.0
27117,2002,10807425.0,13541551.0
27117,2008,15650000.0,13066513.0
27117,2013,19178000.0,19602560.0
27117,2016,20673000.0,22184556.0
27117,2021,19503000.0,17200586.0
27119,2009,2873000.0,3324894.5
27119,2017,13089484.0,8628616.0
27121,2004,12582000.0,18296172.0
27121,2005,14355000.0,19226366.0
27121,2009,15612000.0,19344676.0
27121,2014,16632999.0,18206300.0
27121,2015,17649000.0,21455842.0
27123,2003,0.0,-962793.1
27123,2009,0.0,-575094.9
27123,2014,0.0,-1202655.8
27123,2015,0.0,-31240.701
27123,2021,0.0,-328884.6
27125,2005,318600.0,4740859.0
27125,2007,878754.0,3503215.2
27125,2009,715000.0,5255135.0
27125,2015,0.0,4639707.5
27125,2018,0.0,3638990.5
27127,2001,30132000.0,23637028.0
27127,2012,38765404.0,34065590.0
27127,2014,39126000.0,32180344.0
27127,2016,47156000.0,40444416.0
27127,2018,38507000.0,36565024.0
27129,2001,32057998.0,23346662.0
27129,2003,36859000.0,28688796.0
27129,2021,43116000.0,35308012.0
27129,2022,53676916.0,38349216.0
27131,2006,12218700.0,18243062.0
27131,2016,16028000.0,21966692.0
27131,2019,0.0,15940310.0
27133,2001,15184000.0,18058392.0
27133,2013,25397000.0,24759332.0
27133,2020,26522000.0,27502368.0
27133,2022,23596330.0,19954614.0
27135,2001,163200.0,754227.7
27135,2003,402500.0,864810.5
27135,2004,0.0,371645.12
27135,2006,150400.0,158293.36
27135,2010,0.0,1174210.1
27135,2015,896000.0,803480.6
27135,2016,0.0,2925757.5
27137,2003,0.0,1462471.8
27137,2004,0.0,363600.97
27137,2007,5900.0,712295.0
27137,2010,0.0,288426.56
27137,2016,31000.0,925780.56
27137,2018,0.0,391950.44
27139,2006,5347500.0,12105471.0
27139,2007,5062035.0,9217834.0
27139,2012,7476829.0,12319527.0
27139,2014,4357000.0,8344744.5
27141,2000,2423200.0,5623132.5
27141,2001,2734600.0,1577237.6
27141,2004,3849300.0,4593387.5
27141,2014,2537000.0,3293237.8
27143,2002,21144218.0,17321162.0
27143,2007,25894606.0,19382114.0
27143,2008,26050000.0,20806370.0
27143,2009,29617000.0,23350450.0
27143,2020,28847000.0,22976340.0
27143,2022,35479976.0,23510894.0
27145,2003,19825000.0,6137438.5
27145,2009,27812000.0,14946528.0
27145,2011,24260000.0,15202154.0
27145,2014,20948000.0,14726797.0
27145,2018,33634000.0,12832706.0
27145,2019,29909000.0,14213287.0
27147,2013,11902000.0,19753334.0
27147,2018,20683000.0,22148166.0
27149,2009,20771000.0,20721734.0
27149,2015,22703000.0,26028708.0
27151,2001,19988300.0,15688833.0
27151,2005,28188000.0,24347638.0
27151,2007,23022034.0,21436690.0
27151,2014,28681000.0,22901774.0
27151,2019,27400000.0,18713308.0
27151,2021,0.0,19829192.0
27153,2010,7665000.0,11706816.0
27153,2015,10490000.0,10380066.0
27153,2018,9303000.0,11025342.0
27153,2019,9546000.0,13118187.0
27153,2020,9743000.0,14267822.0
27155,2002,15876990.0,11947987.0
27155,2014,19168000.0,17045752.0
27155,2019,19937000.0,18615366.0
27157,2000,10396400.0,5025810.0
27157,2005,14508000.0,15318300.0
27157,2006,12212000.0,13081549.0
27157,2017,13838435.0,17135664.0
27157,2020,16410999.0,10076288.0
27157,2021,17842000.0,13748924.0
27159,2002,1924412.0,2671076.8
27159,2003,1848000.0,1478194.1
27159,2013,2288000.0,2071673.4
27161,2006,21339900.0,23663906.0
27161,2008,22630000.0,23829940.0
27161,2013,18160000.0,23941204.0
27161,2018,22411000.0,26687960.0
27163,2003,2376000.0,4163340.0
27163,2004,2926000.0,5054502.5
27163,2010,3094000.0,7674719.0
27163,2022,2197670.0,7053724.5
27165,2018,18561000.0,30417426.0
27167,2001,3740700.0,4732738.5
27167,2004,7708900.0,8655081.0
27167,2008,11150000.0,14164507.0
27167,2011,10835000.0,12674061.0
27167,2012,16897196.0,25479028.0
27167,2014,12842000.0,12429181.0
27167,2015,16878000.0,23444224.0
27167,2016,21568000.0,29880774.0
27167,2019,0.0,16449301.0
27167,2022,16711248.0,18347340.0
27169,2000,10618200.0,4516672.0
27169,2001,9232200.0,6005325.5
27169,2003,10071700.0,5864844.5
27169,2007,12467321.0,15665704.0
27169,2012,13314955.0,16159132.0
27169,2019,13170000.0,10696018.0
27169,2022,17257708.0,14141521.0
27171,2008,8760000.0,10466439.0
27171,2011,10665000.0,8825089.0
27171,2012,13799479.0,12293730.0
27171,2021,10952000.0,8657595.0
27173,2004,28519000.0,30611916.0
27173,2010,32250000.0,29775162.0
27173,2013,35545000.0,29867404.0
27001,2002,117613.0,556565.9
27001,2006,0.0,-134101.16
27001,2015,0.0,1119434.8
27001,2018,45200.0,1180230.9
27003,2008,700000.0,2271936.0
27003,2020,803000.0,1048137.9
27005,2002,1629672.0,3380826.8
27005,2005,1737500.0,3006966.2
27005,2008,0.0,4572485.0
27005,2012,10498515.0,6352031.0
27007,2002,83588.0,-227024.4
27007,2003,27200.0,-227690.72
27007,2012,324877.0,1496375.6
27007,2014,0.0,753810.2
27007,2015,0.0,1315281.1
27007,2017,258648.02,927976.9
27009,2009,7872000.0,7378894.0
27009,2015,8047000.0,6707608.0
27009,2021,5003000.0,9956634.0
27011,2003,8307000.0,15089950.0
27013,2003,28732800.0,24488818.0
27013,2009,34647000.0,31209808.0
27013,2010,31924000.0,33256932.0
27013,2017,34834244.0,36876576.0
27015,2009,27074000.0,31871260.0
27015,2013,28040000.0,32628338.0
27015,2016,29478000.0,35089588.0
27015,2018,22267000.0,30235996.0
27015,2020,31635000.0,36189296.0
27015,2021,27050000.0,30348078.0
27017,2000,20800.0,118234.4
27017,2008,0.0,-220914.94
27017,2014,0.0,598736.4
27017,2015,0.0,372908.6
27019,2001,6746500.0,7918125.5
27019,2007,10430672.0,6462304.5
27019,2014,5070000.0,6398036.0
27019,2019,8109000.0,7577945.0
27021,2006,0.0,413760.06
27021,2010,0.0,1145587.0
27021,2013,0.0,828143.7
27021,2014,0.0,585561.06
27021,2020,645000.0,254785.45
27023,2006,23162900.0,28362802.0
27023,2012,26808988.0,29722002.0
27023,2018,25742000.0,26522894.0
27023,2019,22586000.0,28221858.0
27023,2020,0.0,32323990.0
27023,2021,26852000.0,22875844.0
27025,2001,1774500.0,2438378.2
27025,2009,3415000.0,2143843.5
27025,2010,3756000.0,3138534.5
27025,2011,3505000.0,3473419.8
27025,2016,3529000.0,2900980.5
27025,2020,3854000.0,2537975.2
27027,2009,10276000.0,6671233.0
27027,2010,13975000.0,6909921.5
27027,2011,12890000.0,4806160.0
27027,2012,23871230.0,13951394.0
27027,2013,20135000.0,10594596.0
27029,2004,0.0,36413.88
27029,2005,45500.0,1893609.1
27029,2007,491511.0,938617.44
27029,2010,182000.0,1596467.4
27029,2012,451843.0,3625319.0
27029,2017,583027.0,2289272.8
27029,2019,973000.0,1694210.9
27031,2001,0.0,359129.3
27031,2013,0.0,182726.2
27031,2015,0.0,567480.06
27031,2018,0.0,202512.17
27031,2020,0.0,693400.75
27033,2002,23638268.0,29524528.0
27033,2003,24446100.0,29257994.0
27033,2008,30500000.0,35938176.0
27033,2009,31629000.0,37078104.0
27033,2012,25050468.0,31999300.0
27033,2013,30976000.0,35193880.0
27035,2007,298134.0,942139.75
27035,2014,0.0,941059.8
27035,2017,1076258.0,2662327.2
27035,2022,876782.0,1549786.0
27037,2001,9419200.0,6816451.5
27037,2006,14428800.0,8280349.5
27037,2009,15316000.0,9412032.0
27037,2011,14800000.0,7797122.5
27037,2012,17333438.0,12239255.0
27037,2014,15331000.0,5933055.0
27037,2016,17454000.0,13478564.0
27037,2021,14587000.0,9083503.0
27037,2022,16360502.0,14528411.0
27039,2002,15543698.0,22190834.0
27039,2005,19859400.0,24156222.0
27039,2008,19970000.0,24665926.0
27039,2014,25847000.0,24164804.0
27039,2020,23944000.0,32344952.0
27041,2001,4609800.0,8434794.0
27041,2005,6976000.0,14672538.0
27041,2008,6680000.0,13603740.0
27041,2021,10487000.0,14661845.0
27043,2000,30172000.0,30324542.0
27043,2003,33150002.0,35240390.0
27043,2007,44083340.0,37711590.0
27043,2010,37538000.0,40190490.0
27043,2014,35257000.0,38292450.0
27043,2017,41460924.0,42466670.0
27043,2022,38066532.0,40733796.0
27045,2000,20845100.0,14366878.0
27045,2007,26451270.0,20801482.0
27045,2012,26296446.0,20274400.0
27045,2016,34236000.0,23166536.0
27045,2022,36758110.0,25860880.0
27047,2003,28627200.0,22954698.0
27047,2019,36020000.0,25920418.0
27047,2022,33828508.0,32163646.0
27049,2005,23548800.0,20080888.0
27049,2008,22300000.0,18199392.0
27049,2009,25889000.0,17000064.0
27049,2014,27502000.0,16502800.0
27049,2015,29654000.0,15079594.0
27051,2000,10241600.0,13777320.0
27051,2001,9604800.0,11880016.0
27051,2013,21150000.0,22860814.0
27051,2014,16302999.0,19266820.0
27051,2015,20751000.0,23964800.0
27051,2018,0.0,21836556.0
27051,2021,23122000.0,16978190.0
27053,2000,2158400.0,4879437.5
27053,2003,1634800.0,2724132.5
27053,2011,1730000.0,2009485.8
27053,2016,2669000.0,4340197.5
27053,2021,1549000.0,1706528.4
27055,2000,6748200.0,5345556.0
27055,2008,7750000.0,10775191.0
27055,2010,8818000.0,12111673.0
27055,2022,10310358.0,13697748.0
27057,2006,0.0,421439.72
27057,2016,1506000.0,882308.4
27059,2002,4013424.0,1466320.6
27059,2010,4347000.0,4187355.5
27059,2013,4596000.0,3775262.2
27061,2002,37315.0,-39382.43
27061,2004,0.0,15804.857
27061,2010,0.0,665150.5
27061,2014,0.0,247127.19
27061,2015,0.0,999550.0
27061,2016,0.0,422115.2
27061,2017,95000.0,586391.3
27061,2020,66600.0,-254919.02
27063,2002,25279020.0,29619038.0
27063,2008,30750000.0,35827132.0
27063,2009,34926000.0,36579692.0
27063,2014,31022000.0,35069228.0
27063,2020,37337000.0,39348196.0
27065,2000,1420400.0,3672253.2
27065,2005,624800.0,1904019.2
27065,2009,1313000.0,1197152.1
27065,2016,2647000.0,4375826.0
27065,2020,0.0,4160790.5
27067,2006,22400000.0,19970998.0
27067,2008,23910000.0,24283854.0
27067,2013,30088000.0,26957736.0
27067,2015,28625000.0,26515748.0
27067,2018,30127000.0,24467816.0
27067,2022,37614584.0,25010246.0
27069,2016,2295000.0,5412742.5
27071,2001,0.0,1116443.5
27071,2002,0.0,353908.6
27071,2007,0.0,508958.8
27071,2012,290100.0,1411508.0
27071,2013,143000.0,754371.3
27071,2014,0.0,362785.03
27071,2019,0.0,882590.6
27073,2004,23730000.0,19103888.0
27073,2017,30545650.0,27500500.0
27075,2010,0.0,1170176.4
27075,2018,0.0,409001.06
27077,2000,0.0,32471.463
27077,2005,0.0,1096368.2
27077,2007,0.0,1441384.5
27077,2012,0.0,2131093.0
27079,2003,13746000.0,13764281.0
27079,2006,15521000.0,16029072.0
27079,2007,14860574.0,15510455.0
27079,2008,15190000.0,16791234.0
27079,2018,15132000.0,18461844.0
27079,2019,0.0,16363388.0
27081,2001,11119800.0,13092181.0
27081,2003,12212000.0,11654121.0
27081,2005,17019200.0,16224997.0
27081,2012,15478412.0,14567256.0
27081,2017,20517180.0,21319448.0
27081,2020,21142000.0,19416966.0
27081,2021,17732000.0,16910142.0
27081,2022,13230886.0,16359045.0
27083,2000,24206000.0,25439710.0
27083,2020,38044000.0,32350716.0
27085,2016,21239000.0,28175662.0
27085,2018,20501000.0,26384046.0
27085,2020,20890000.0,36861120.0
27085,2021,21677000.0,23747076.0
27087,2009,2290000.0,3142990.5
27087,2010,4322000.0,3980036.0
27087,2011,0.0,2467753.0
27089,2001,288000.0,2798388.2
27089,2011,1395000.0,3338682.8
27091,2006,39367500.0,29549890.0
27091,2015,45153000.0,38913264.0
27091,2018,31964000.0,30414702.0
27091,2022,49177588.0,38418096.0
27093,2000,14364000.0,17713824.0
27093,2003,14042500.0,14137842.0
27093,2010,21037000.0,20791996.0
27093,2020,21333000.0,21970664.0
27093,2022,20704602.0,22238168.0
27095,2004,2476600.0,1544462.8
27095,2008,2069999.9,3425478.0
27095,2019,1931000.0,4025029.8
27097,2001,5726800.0,4179023.8
27097,2003,5669500.0,4148315.5
27097,2007,4104183.2,4558078.0
27097,2009,11000000.0,5530584.5
27097,2012,12577381.0,10906722.0
27097,2021,7589000.0,9176095.0
27099,2005,31506000.0,29821950.0
27099,2017,43850892.0,36148468.0
27099,2019,38482000.0,30018930.0
27101,2009,31709000.0,28314294.0
27101,2013,32799000.0,26373614.0
27101,2019,18197000.0,18204402.0
27103,2004,20379400.0,16115765.0
27103,2009,21003000.0,19609732.0
27103,2017,25474206.0,21020156.0
27103,2020,22814000.0,19697558.0
27105,2000,26898300.0,26592874.0
27105,2002,21334340.0,26414068.0
27105,2004,33000802.0,30170642.0
27107,2003,3364200.0,2405496.5
27107,2009,6536000.0,4729595.0
27107,2010,10004000.0,5110530.5
27107,2012,12190271.0,11063571.0
27107,2016,17736000.0,12890168.0
27109,2005,19878100.0,22711816.0
27109,2013,14108000.0,18909892.0
27109,2016,22739000.0,22801446.0
27109,2017,23123332.0,25548058.0
27111,2004,15115800.0,5135366.0
27111,2008,18000000.0,12682013.0
27111,2018,30997000.0,11412110.0
27111,2019,33370998.0,7354789.0
27113,2004,0.0,365477.28
27113,2010,240000.0,3971994.2
27113,2013,0.0,4524941.5
27113,2015,1479000.0,6881971.0
27113,2016,0.0,11195660.0
27115,2002,1844437.0,1087140.9
27115,2004,1770000.0,-473788.06
27115,2005,950400.0,909894.25
27115,2006,989400.0,310723.0
27115,2008,1180000.0,-210978.23
27115,2012,2269680.0,1547393.6
27115,2020,2138000.0,1556531.2
27117,2001,11974500.0,13840920.0
27117,2005,17212800.0,17700696.0
27117,2010,17410000.0,17747410.0
27119,2000,2323200.0,2281038.8
27119,2001,1288200.0,2512199.0
27119,2003,2268400.0,1917581.5
27119,2011,7515000.0,3052343.2
27121,2006,11158500.0,14737634.0
27121,2007,13332714.0,15919057.0
27121,2011,15480000.0,17573828.0
27121,2012,19184996.0,19584202.0
27121,2021,16610001.0,16327887.0
27123,2000,0.0,571263.2
27123,2001,0.0,192786.66
27123,2011,0.0,-528084.2
27123,2017,0.0,-663974.06
27123,2019,0.0,-83200.07
27123,2020,0.0,-1301225.2
27125,2001,328600.0,3848586.5
27125,2006,496800.0,1789118.6
27125,2010,1344000.0,4182130.8
27125,2016,3086000.0,10340329.0
27127,2000,34321600.0,26884186.0
27127,2006,41294100.0,38335516.0
27127,2008,38600000.0,35744332.0
27129,2000,37951600.0,25723946.0
27129,2004,41787200.0,33433560.0
27129,2005,46774800.0,35327044.0
27129,2009,45004000.0,35408670.0
27129,2014,38396000.0,30597894.0
27129,2016,56755000.0,39208124.0
27131,2007,13751557.0,15008498.0
27131,2008,12460000.0,16289629.0
27131,2010,16198000.0,17642210.0
27131,2015,16709000.0,19242314.0
27131,2017,17189758.0,20376668.0
27133,2019,18042000.0,32634354.0
27135,2008,675000.0,1672941.5
27135,2009,84000.0,624473.3
27135,2011,835000.0,1604161.6
27135,2014,397000.0,1774471.6
27135,2018,1235000.0,622117.06
27135,2019,1536000.0,1568546.0
27135,2020,518000.0,1323953.0
27135,2022,1715961.0,3046947.5
27137,2001,0.0,1095847.0
27137,2002,0.0,190935.83
27137,2009,0.0,987094.75
27137,2014,0.0,754351.4
27139,2001,4271400.0,7727425.5
27139,2004,6256000.0,7463808.0
27139,2013,5899000.0,8725371.0
27139,2017,7345268.0,13258334.0
27139,2018,0.0,12406703.0
27139,2021,6673000.0,8686413.0
27139,2022,6481477.0,15837551.0
27141,2003,3161600.0,2397098.5
27141,2005,3839400.0,3373124.2
27141,2006,3472000.0,3169322.2
27141,2008,4280000.0,4175995.8
27141,2009,3683000.0,4829552.5
27141,2010,4368000.0,5527751.5
27141,2019,4471000.0,2804624.0
27143,2004,23324000.0,17203468.0
27143,2014,18912000.0,17709488.0
27143,2016,31417000.0,27857172.0
27143,2018,25445000.0,24641878.0
27143,2019,27925000.0,21294960.0
27143,2021,30187000.0,21562452.0
27145,2004,25992000.0,7978556.5
27145,2013,26033000.0,14953412.0
27145,2020,33739000.0,17147772.0
27147,2000,14964600.0,18562836.0
27147,2001,12916800.0,16639179.0
27147,2002,18291302.0,20552044.0
27147,2007,21348212.0,19852664.0
27147,2010,20128000.0,23163394.0
27147,2011,19495000.0,22468638.0
27147,2020,20907000.0,27869746.0
27149,2000,21108800.0,15578591.0
27149,2004,21252800.0,16895512.0
27149,2018,23605000.0,24223506.0
27151,2002,25185850.0,16451227.0
27151,2004,23770800.0,17705424.0
27151,2006,25244800.0,21599168.0
27151,2012,28022936.0,25052896.0
27151,2013,32897998.0,25493194.0
27151,2015,31531000.0,23469700.0
27151,2016,36727000.0,26676120.0
27153,2005,6419000.0,8799606.0
27153,2008,6070000.0,11151978.0
27153,2012,9905166.0,12960642.0
27153,2017,8457691.0,14314321.0
27153,2022,9404011.0,12154227.0
27155,2005,17744000.0,15261225.0
27155,2015,22936000.0,25857802.0
27157,2007,12954828.0,12896363.0
27157,2022,15537718.0,16226345.0
27159,2009,1791000.0,3051001.2
27159,2012,1964635.0,7322868.5
27159,2015,2424000.0,5700193.5
27159,2016,2595000.0,6044864.5
27161,2001,14784000.0,17365980.0
27161,2007,20627060.0,24677484.0
27161,2011,21280000.0,26324766.0
27161,2020,23363000.0,35192012.0
27163,2000,2821700.0,9360032.0
27163,2005,3444000.0,11188210.0
27163,2006,2166600.0,7923460.0
27163,2007,2579780.0,7914853.0
27163,2011,3710000.0,10723039.0
27163,2012,3914610.0,11764939.0
27163,2014,3207000.0,6226457.0
27163,2021,2586000.0,6241081.5
27165,2005,23274400.0,33024704.0
27165,2008,21550000.0,35046320.0
27165,2012,20342814.0,34734470.0
27165,2014,25317000.0,34987040.0
27165,2021,25310000.0,34635664.0
27167,2003,5426400.0,9679238.0
27167,2006,7176000.0,12258595.0
27167,2013,15976000.0,17367384.0
27169,2006,12021300.0,10178288.0
27169,2008,9340000.0,11785106.0
27169,2015,11395000.0,8089332.5
27169,2016,13695000.0,12047093.0
27171,2006,8540400.0,6440081.0
27171,2007,8851252.0,6659415.5
27171,2018,0.0,10955569.0
27171,2022,12038709.0,12797504.0
27173,2000,24839100.0,24430268.0
27173,2003,24745500.0,24023624.0
27173,2008,26040000.0,27774114.0
27173,2009,32889000.0,30072250.0
27173,2012,25010506.0,29700740.0
27173,2014,28848000.0,25728748.0
27173,2018,35921000.0,27924560.0
27173,2021,0.0,27922354.0
27001,2000,0.0,1459532.8
27001,2003,0.0,1384844.1
27001,2005,0.0,1223719.6
27001,2007,33500.0,1242497.9
27001,2010,308000.0,1702062.5
27001,2012,207706.0,1399107.1
27003,2001,719400.0,2158654.8
27003,2002,1000879.06,2587484.0
27003,2004,604800.0,2717485.8
27003,2010,943000.0,3154520.0
27003,2016,1122000.0,3212713.0
27003,2018,732000.0,2347489.0
27003,2019,0.0,2756234.0
27005,2001,1034000.06,3434849.2
27005,2006,2154600.0,4365877.0
27005,2009,0.0,5563399.0
27005,2014,5739000.0,5724540.0
27005,2020,8008000.5,7547577.5
27005,2022,12090339.0,5905662.5
27007,2005,0.0,1235922.0
27007,2008,0.0,1145835.9
27007,2011,0.0,1102484.8
27007,2013,380000.0,845871.44
27007,2016,281000.0,2345766.2
27007,2019,0.0,1642177.5
27009,2000,4967400.0,13339748.0
27009,2002,6311638.0,5002212.0
27009,2004,6795400.0,7071922.0
27009,2005,6858600.0,7959651.5
27009,2010,7742000.0,11598866.0
27009,2012,7677034.0,14338315.0
27009,2013,5009000.0,13454273.0
27009,2014,3559000.0,10998846.0
27009,2018,7651000.0,11643351.0
27011,2002,9928993.0,17287712.0
27011,2010,13883000.0,26470678.0
27011,2011,10155000.0,20781530.0
27011,2014,15481000.0,20843842.0
27011,2016,17872000.0,27539528.0
27011,2017,17299190.0,26613080.0
27011,2021,19172000.0,20430196.0
27011,2022,15223986.0,22705594.0
27013,2000,26773200.0,26860488.0
27013,2001,21628100.0,22266210.0
27013,2002,27675076.0,27749252.0
27013,2004,32904000.0,31634196.0
27013,2006,31342500.0,34578344.0
27013,2018,30615000.0,29067012.0
27013,2020,35618000.0,38222516.0
27015,2003,24005300.0,28465358.0
27015,2004,26100000.0,31369964.0
27015,2006,26036500.0,33023228.0
27015,2010,28006000.0,32803684.0
27015,2017,30030304.0,36595020.0
27015,2022,26682698.0,40750280.0
27017,2009,0.0,1652857.1
27017,2011,0.0,2937193.8
27017,2020,0.0,1458881.9
27019,2002,8916166.0,11840439.0
27019,2006,8850900.0,11265332.0
27019,2008,8880000.0,10313758.0
27019,2015,11470000.0,11790253.0
27019,2017,12823369.0,14783898.0
27019,2020,9865000.0,11278442.0
27019,2021,9030000.0,10645800.0
27021,2002,329257.0,1283454.5
27021,2005,297600.0,1320764.6
27021,2008,0.0,1294199.1
27021,2012,637424.0,1300877.0
27021,2018,0.0,2264644.5
27021,2019,0.0,1884605.0
27023,2005,25203200.0,33293602.0
27023,2007,25032252.0,33635136.0
27023,2014,24227000.0,30224842.0
27025,2004,2668000.0,3134693.0
27025,2006,2316500.0,3440505.5
27025,2014,2331000.0,2646215.5
27025,2015,4224000.0,4703581.5
27025,2018,3576000.0,3010863.2
27027,2000,4338200.0,7643860.0
27027,2003,4305600.0,6463843.0
27027,2015,18197000.0,12618538.0
27027,2019,25245000.0,4565095.5
27027,2020,17525000.0,11640085.0
27027,2022,25402028.0,14802670.0
27029,2001,38000.0,1956292.5
27029,2003,214000.0,1238166.4
27029,2006,115600.0,1670596.0
27029,2011,250000.0,1216693.1
27029,2014,0.0,2412639.5
27031,2003,0.0,1471339.5
27031,2004,0.0,1356219.6
27031,2010,0.0,1143055.0
27031,2014,0.0,1011227.0
27031,2017,0.0,1670730.4
27031,2019,0.0,1253395.9
27033,2007,29607200.0,36938810.0
27033,2020,33983000.0,39651996.0
27033,2022,37787710.0,42372068.0
27035,2013,0.0,1504125.1
27035,2018,0.0,3739985.0
27035,2019,0.0,2009100.9
27037,2005,15294600.0,16255167.0
27037,2007,16062801.0,13683855.0
27037,2010,15710000.0,12764286.0
27037,2020,15715000.0,14655689.0
27039,2003,16763800.0,23395978.0
27039,2009,21127000.0,27575632.0
27039,2010,22828000.0,27810264.0
27039,2011,22285000.0,28761520.0
27039,2021,0.0,27563394.0
27041,2007,5058005.0,12325139.0
27041,2017,10870370.0,23491108.0
27043,2020,43195000.0,46285884.0
27045,2010,30463000.0,26830648.0
27045,2017,28118082.0,33294376.0
27045,2019,33435002.0,28439822.0
27047,2002,27633180.0,26738042.0
27047,2004,31470600.0,30393116.0
27047,2007,32626320.0,31811286.0
27047,2012,31503420.0,33307484.0
27047,2013,22751000.0,28381018.0
27047,2016,39912000.0,39137468.0
27047,2018,32224998.0,29769746.0
27047,2020,37410000.0,34175172.0
27049,2001,16515499.0,12133644.0
27049,2006,23763000.0,20275300.0
27049,2019,29262000.0,17072254.0
27049,2021,28437000.0,23033772.0
27051,2003,11768300.0,16022049.0
27051,2019,21251000.0,21696880.0
27051,2022,24677288.0,21204048.0
27053,2005,2074800.0,5492103.0
27053,2007,1985650.0,3205663.2
27053,2017,2035931.1,6606887.5
27055,2001,5958400.0,7425169.5
27055,2003,7481700.0,8903585.0
27055,2005,9516000.0,14015987.0
27055,2013,7529000.0,14258754.0
27055,2015,9360000.0,8476684.0
27055,2017,8211854.0,12786936.0
27057,2000,1155000.0,1136952.2
27057,2005,1310400.0,1542199.0
27057,2017,2154201.0,1555454.9
27057,2020,1208000.0,1364553.6
27057,2021,1680000.0,2113957.0
27057,2022,2093411.9,1323816.9
27059,2001,3045600.0,3098105.5
27059,2005,3424000.0,3413303.5
27059,2006,2764200.0,2884806.8
27059,2009,4213000.0,4054836.2
27059,2015,5250000.0,4248472.0
27059,2021,3421000.0,3128031.2
27061,2001,0.0,1264873.4
27061,2005,0.0,1152993.5
27061,2021,71800.0,1339998.6
27063,2001,20414000.0,24882500.0
27063,2003,26691200.0,30414062.0
27063,2005,33628800.0,36780356.0
27063,2010,36112000.0,35472196.0
27063,2011,31345000.0,35110240.0
27065,2001,1032400.0,3203525.8
27065,2018,0.0,3262764.5
27067,2003,20173600.0,23542620.0
27067,2011,22530000.0,24494224.0
27067,2019,0.0,26182052.0
27069,2004,0.0,1903256.8
27069,2011,0.0,2390376.0
27069,2014,0.0,4552175.0
27069,2017,2462356.0,1684280.0
27069,2021,0.0,2249118.2
27071,2005,0.0,1365856.8
27071,2006,0.0,1184829.2
27071,2008,0.0,1161884.1
27071,2011,0.0,1009200.1
27071,2015,0.0,1335044.9
27071,2021,0.0,951953.06
27073,2011,25090000.0,24538008.0
27073,2013,31873000.0,30334484.0
27073,2014,29601000.0,24286440.0
27073,2016,34130000.0,30244828.0
27073,2018,33732000.0,28433164.0
27073,2019,25295000.0,25612294.0
27073,2021,0.0,21218356.0
27075,2007,0.0,1469538.2
27075,2011,0.0,925199.6
27075,2013,0.0,1070038.8
27075,2014,0.0,1217199.9
27075,2016,0.0,591218.94
27075,2022,0.0,1008826.0
27077,2018,0.0,1193217.2
27077,2019,0.0,1237364.1
27079,2001,10988000.0,13603839.0
27079,2002,12747574.0,18525044.0
27079,2004,15961600.0,20470694.0
27079,2013,14811000.0,18615590.0
27079,2020,15801000.0,21568636.0
27079,2021,16817000.0,23437062.0
27081,2002,10450663.0,17047402.0
27081,2010,17100000.0,17698818.0
27081,2018,0.0,15508230.0
27083,2001,21918400.0,23437970.0
27083,2003,23842000.0,26247024.0
27083,2021,28392000.0,26255018.0
27085,2010,19838000.0,30822638.0
27085,2017,22964324.0,30389034.0
27085,2019,21047000.0,31502662.0
27087,2000,896400.0,3158321.8
27087,2001,655200.0,3576556.2
27087,2008,0.0,6920171.0
27087,2012,7894933.0,9051270.0
27087,2017,7520754.0,11986053.0
27087,2020,4169000.2,7821030.0
27087,2021,4690000.0,7767254.5
27089,2006,346500.0,2165304.8
27089,2014,3160000.0,6655447.5
27089,2018,0.0,2263052.8
27091,2001,23897500.0,25521218.0
27091,2005,43396000.0,35323660.0
27091,2008,41380000.0,34784212.0
27091,2011,38965000.0,35629870.0
27091,2014,38482000.0,38544390.0
27093,2009,19600000.0,25008254.0
27093,2015,20946000.0,26538918.0
27093,2016,21885000.0,22166676.0
27093,2021,18527000.0,21227390.0
27095,2006,1501500.0,2950934.2
27095,2010,3204000.0,5381682.0
27095,2015,3308000.0,7907066.0
27095,2020,2671000.0,13205358.0
27095,2022,2226698.0,12032604.0
27097,2004,7286400.0,4966305.5
27097,2008,9160000.0,8625179.0
27097,2010,11948000.0,10641685.0
27097,2014,7191000.0,7431854.5
27097,2016,14510000.0,8797350.0
27097,2020,12670000.0,15251991.0
27099,2004,30825600.0,29924724.0
27099,2006,30852800.0,29733806.0
27099,2007,35368310.0,31601274.0
27099,2010,37111000.0,35323396.0
27101,2010,30473000.0,26888708.0
27101,2014,27928000.0,25570130.0
27101,2020,34487000.0,32415616.0
27103,2000,17280000.0,16710085.0
27103,2003,19126400.0,19934236.0
27103,2005,20410200.0,19117362.0
27103,2019,22165000.0,15466729.0
27105,2006,31406000.0,31389968.0
27105,2014,32533000.0,31783852.0
27105,2015,39187000.0,37452290.0
27105,2020,37278000.0,35638416.0
27107,2002,2049916.0,4493404.0
27107,2004,3515500.0,3805985.2
27107,2018,0.0,8925701.0
27107,2020,8704000.0,6871523.5
27109,2003,15549600.0,20839928.0
27109,2007,18936680.0,24118818.0
27109,2020,21665000.0,31223224.0
27109,2021,20439000.0,25823774.0
27111,2000,16104000.0,11010052.0
27111,2007,15860102.0,10341978.0
27111,2016,29769000.0,16766739.0
27111,2022,28762852.0,14089292.0
27113,2000,259200.0,6327949.0
27113,2001,118800.0,4436094.0
27113,2011,0.0,3240972.5
27113,2014,0.0,7582178.0
27113,2017,1183225.0,13650135.0
27115,2007,1352393.0,1542294.5
27115,2022,1780538.0,2539389.5
27117,2004,14314300.0,20027218.0
27117,2006,14752700.0,19149272.0
27117,2007,12191548.0,17305214.0
27117,2009,16774000.0,20090192.0
27117,2011,15140000.0,19576814.0
27117,2017,17342840.0,19824902.0
27117,2022,14810917.0,19490222.0
27119,2002,1547288.0,3415245.0
27119,2004,2462400.0,2385815.8
27119,2005,2628800.0,3537618.8
27119,2013,14197000.0,8371925.5
27119,2018,0.0,3977024.2
27119,2019,0.0,2575533.8
27119,2021,10586000.0,10331855.0
27119,2022,14278511.0,10044575.0
27121,2000,13984200.0,15812523.0
27121,2003,12586000.0,18281084.0
27123,2004,0.0,787811.8
27123,2016,0.0,976092.0
27125,2002,380512.0,5547084.5
27125,2003,378000.0,4650195.0
27125,2014,0.0,8408495.0
27125,2020,1667000.0,6108379.0
27127,2003,34458400.0,32009780.0
27127,2004,40321800.0,36418510.0
27127,2005,43334400.0,37426576.0
27127,2007,38794750.0,38786656.0
27127,2009,44176000.0,41312016.0
27127,2011,35330000.0,33522628.0
27127,2015,45246000.0,41507670.0
27127,2017,46446172.0,40279452.0
27127,2020,48711000.0,36457590.0
27129,2002,40262776.0,28476416.0
27129,2008,46330000.0,34027230.0
27129,2011,37270000.0,31042922.0
27129,2017,54452776.0,37272970.0
27129,2020,49294000.0,37438824.0
27131,2003,11330500.0,17847184.0
27131,2011,14045000.0,18348778.0
27131,2012,16279839.0,20223160.0
27131,2014,12863000.0,21110240.0
27131,2022,20234092.0,24369362.0
27133,2000,19718400.0,21906710.0
27133,2003,17490800.0,23897886.0
27133,2005,24776000.0,31815712.0
27133,2012,20608378.0,22723710.0
27133,2018,21861000.0,28989486.0
27135,2000,446500.0,2636424.0
27135,2007,640337.0,1743280.4
27135,2013,2919000.0,1499601.5
27137,2000,0.0,1536933.5
27137,2005,0.0,1484458.8
27137,2011,0.0,1233088.8
27137,2017,47640.0,2015678.4
27137,2019,0.0,1391840.2
27139,2000,5343800.0,10390328.0
27139,2005,5623500.0,13181376.0
27139,2009,7131000.0,14473137.0
27139,2019,0.0,8510857.0
27139,2020,6501000.0,12280136.0
27141,2002,4744750.0,3231700.5
27141,2007,3671261.0,5615649.0
27141,2011,4235000.0,6076574.0
27141,2012,4775248.0,12199490.0
27141,2013,4314000.0,8526315.0
27141,2015,3228000.0,4886285.5
27143,2011,24095000.0,20863802.0
27143,2012,28312428.0,27222530.0
27143,2017,32780762.0,30487464.0
27145,2012,32318326.0,17839640.0
27145,2015,27466000.0,18493722.0
27145,2016,32030998.0,15657615.0
27145,2021,26602000.0,14046545.0
27147,2009,19088000.0,26449526.0
27149,2010,23323000.0,29275784.0
27149,2016,28712000.0,32120578.0
27149,2019,18089000.0,23565224.0
27149,2021,23324000.0,20768024.0
27151,2003,21635900.0,24121372.0
27151,2008,26380000.0,26197854.0
27151,2010,31131000.0,29594950.0
27151,2017,28510884.0,28959066.0
27153,2013,5299000.0,15347956.0
27155,2007,16412779.0,15278011.0
27155,2011,14945000.0,21371092.0
27155,2012,24873842.0,24151498.0
27155,2016,27010000.0,32264526.0
27157,2004,13868800.0,17741802.0
27157,2008,13370000.0,15020543.0
27157,2009,13723000.0,16985602.0
27157,2010,14428000.0,13535835.0
27157,2011,15805000.0,21483066.0
27157,2016,16858000.0,16438499.0
27157,2019,14874000.0,9568756.0
27159,2001,1551500.0,3096089.8
27159,2005,2590000.0,2886839.8
27159,2008,1940000.0,6122241.5
27159,2011,2495000.0,5612966.0
27159,2018,2480000.0,10116678.0
27159,2021,1693000.0,9474768.0
27161,2003,19418100.0,24493076.0
27161,2015,21797000.0,34233196.0
27161,2016,24062000.0,35963308.0
27161,2017,23872852.0,33532536.0
27161,2019,20811000.0,28999542.0
27163,2002,3614231.0,9471575.0
27163,2009,3454000.0,8830143.0
27165,2001,15637800.0,24384666.0
27165,2002,19533842.0,30197128.0
27165,2011,24060000.0,33807468.0
27165,2017,26907122.0,40191856.0
27165,2020,26949000.0,39308890.0
27167,2018,0.0,23783840.0
27167,2021,20170000.0,20527584.0
27169,2002,11780456.0,13792810.0
27169,2004,11487200.0,16136572.0
27169,2010,12150000.0,12685877.0
27169,2013,11386000.0,15877102.0
27169,2014,13081000.0,15112793.0
27171,2000,9585000.0,14377081.0
27171,2002,9632706.0,7406869.5
27171,2005,10427200.0,10347471.0
27171,2009,12241000.0,13994732.0
27171,2015,13506000.0,8860587.0
27171,2019,0.0,7420948.5
27171,2020,14612000.0,13844745.0
27173,2001,23769500.0,24237996.0
27173,2015,33925000.0,38122304.0
27173,2017,30656178.0,32853908.0
27001,2004,0.0,-1626464.4
27001,2009,0.0,-716558.5
27001,2011,0.0,-402423.03
27001,2016,73800.0,-216894.84
27001,2017,125067.99,1145785.1
27001,2019,0.0,-1054759.4
27001,2022,131840.0,-367862.4
27003,2005,633600.0,1633540.8
27003,2012,1740785.0,1996927.2
27003,2013,808000.0,1430260.0
27003,2015,979000.0,1597437.4
27005,2000,1449600.0,530354.75
27005,2004,876300.0,-196320.25
27005,2011,5150000.0,593248.25
27005,2015,0.0,1721322.5
27005,2016,9056000.0,3242703.8
27007,2006,0.0,-1677272.0
27007,2010,0.0,-776817.4
27007,2020,259000.0,-1057527.1
27007,2021,123000.0,-78018.414
27009,2001,3334500.0,1679876.9
27009,2016,8702000.0,7925365.0
27009,2022,6414145.0,12639161.0
27011,2001,8707500.0,10032521.0
27011,2004,11607100.0,14367315.0
27011,2012,13891117.0,19484560.0
27011,2018,19317000.0,13468947.0
27013,2007,32504142.0,33341400.0
27013,2011,33300000.0,29849970.0
27013,2015,38292000.0,28659778.0
27013,2016,36219000.0,33779884.0
27013,2019,34247000.0,26449346.0
27013,2021,35992000.0,27428518.0
27015,2008,26090000.0,28050838.0
27015,2011,25605000.0,26167168.0
27015,2015,28498000.0,30893804.0
27015,2019,23809000.0,23261568.0
27017,2006,0.0,-1806822.8
27017,2007,66298.0,-1220004.5
27019,2010,10302000.0,6542584.5
27019,2016,11631000.0,11450809.0
27021,2004,0.0,-1316267.6
27021,2015,0.0,-488594.94
27023,2002,19484666.0,19091242.0
27023,2004,22467600.0,24898160.0
27023,2010,26419000.0,28624468.0
27023,2011,22440000.0,22574522.0
27023,2015,27826000.0,24308208.0
27025,2002,2769026.0,518892.75
27025,2008,3250000.0,1372885.8
27027,2002,4306695.0,1901142.2
27027,2005,5133000.0,2426163.5
27027,2014,14196000.0,4094881.0
27027,2021,23796000.0,6334844.0
27029,2013,0.0,-25595.68
27029,2016,0.0,664979.2
27029,2018,0.0,497565.88
27031,2002,0.0,-1351892.0
27031,2011,0.0,-1504945.9
27031,2012,0.0,-504353.1
27033,2001,19976400.0,19172770.0
27033,2004,30537500.0,34048790.0
27033,2005,31648000.0,33522114.0
27033,2018,28152000.0,27142542.0
27033,2021,31686000.0,31509276.0
27035,2004,526500.0,-1005973.56
27035,2005,527800.0,-98485.75
27035,2008,0.0,-532729.94
27035,2016,984000.0,1124892.6
27035,2021,718000.0,-19455.209
27037,2003,12644000.0,5770117.5
27037,2017,20733764.0,9918848.0
27039,2006,19295200.0,20908672.0
27039,2007,20896240.0,21528616.0
27039,2012,21634804.0,23467478.0
27039,2017,26414536.0,25301680.0
27039,2019,20444000.0,24935830.0
27041,2000,6127200.0,10174653.0
27041,2010,8509000.0,13632705.0
27041,2013,9815000.0,15410798.0
27041,2015,10010000.0,16974772.0
27041,2016,11244000.0,20534186.0
27043,2004,36709400.0,35725216.0
27043,2006,35712000.0,35656680.0
27043,2008,36730000.0,37186844.0
27043,2013,35192000.0,34261040.0
27043,2015,43668000.0,38485464.0
27043,2016,44400000.0,42699564.0
27043,2018,31848000.0,29911630.0
27043,2021,39162000.0,36806988.0
27045,2005,27924200.0,21496846.0
27045,2006,25552100.0,17208676.0
27045,2009,28619000.0,22483142.0
27045,2011,32550000.0,23938654.0
27045,2015,31821000.0,22907554.0
27047,2008,33000000.0,23863108.0
27047,2010,35238000.0,27800696.0
27047,2017,39339080.0,32594116.0
27049,2007,26593570.0,13808920.0
27049,2016,28629000.0,18289732.0
27049,2017,32039120.0,15435375.0
27049,2022,37497056.0,17502314.0
27051,2005,14940000.0,14712767.0
27051,2012,18562884.0,18294520.0
27051,2020,20621000.0,16597563.0
27053,2006,1768500.0,1251225.0
27053,2008,2040000.0,791851.7
27053,2018,2219000.0,812338.5
27055,2004,8167200.0,7607312.5
27055,2012,8636270.0,11309268.0
27055,2014,7388000.0,11162889.0
27057,2008,0.0,-526872.2
27057,2009,0.0,-836767.6
27057,2011,0.0,-539577.6
27057,2012,1881985.0,-823080.94
27057,2013,1550000.0,-667803.4
27057,2014,0.0,-859135.8
27057,2018,0.0,346823.4
27059,2000,3596400.0,2799097.2
27059,2004,4054400.0,1547583.0
27059,2008,3680000.0,1343099.8
27059,2017,5418224.0,1524440.9
27059,2018,4990000.0,1904562.8
27059,2022,3476006.0,1716988.5
27061,2000,0.0,-1049648.8
27061,2006,0.0,-1274758.9
27061,2007,0.0,-883360.06
27061,2013,0.0,-933695.0
27061,2018,0.0,-1083284.4
27063,2000,25997400.0,26619882.0
27063,2004,32292000.0,30595858.0
27063,2013,35037000.0,31741696.0
27063,2015,37032000.0,38954500.0
27063,2018,30813000.0,24401964.0
27063,2019,26652000.0,28957778.0
27063,2021,35190000.0,32814758.0
27063,2022,36322400.0,37160964.0
27065,2002,1934246.0,386868.6
27065,2003,996300.0,435736.84
27065,2004,1250200.0,-591939.1
27065,2014,986000.0,183496.7
27065,2017,2933151.0,1584294.0
27065,2022,1881809.0,2710221.5
27067,2001,17379800.0,15425873.0
27067,2002,21503224.0,15498208.0
27067,2009,28052000.0,21746422.0
27067,2014,22343000.0,22397808.0
27069,2001,237500.0,1425923.5
27069,2002,187210.0,252371.48
27069,2007,536748.0,-1165207.8
27069,2008,310000.0,816384.1
27069,2019,1705000.0,-1406705.5
27071,2009,0.0,-742917.1
27071,2017,0.0,-678804.3
27071,2018,0.0,-1443448.6
27071,2020,0.0,-1104120.1
27071,2022,66618.0,72495.5
27073,2000,21127500.0,17597868.0
27073,2002,21981414.0,16121740.0
27073,2005,27307500.0,20581624.0
27073,2009,30352000.0,18080568.0
27073,2020,32139000.0,21305296.0
27073,2022,30408622.0,23120844.0
27075,2000,0.0,-1529073.4
27075,2001,0.0,-890046.75
27075,2002,0.0,-1686634.1
27075,2015,0.0,-1413348.0
27075,2017,0.0,-712025.56
27075,2021,0.0,-389138.53
27077,2001,0.0,-892105.3
27077,2002,0.0,-1321062.9
27077,2008,0.0,-515129.44
27077,2010,0.0,-473650.4
27077,2011,0.0,-637211.75
27077,2016,0.0,-764541.3
27077,2020,0.0,-980463.44
27077,2021,0.0,557286.5
27079,2005,15200000.0,15125976.0
27079,2011,14615000.0,13812586.0
27079,2014,13333000.0,12936937.0
27079,2015,18426000.0,16594980.0
27079,2022,15528082.0,20601462.0
27081,2000,11881800.0,14113978.0
27081,2004,13092400.0,15436803.0
27081,2007,14730723.0,12015727.0
27081,2013,19645000.0,22228332.0
27081,2014,17738000.0,13473599.0
27081,2015,20507000.0,16861712.0
27083,2002,23788712.0,20332104.0
27083,2004,28256000.0,30125146.0
27083,2010,29581000.0,26993880.0
27083,2015,34716000.0,34563348.0
27083,2016,37477000.0,33050324.0
27083,2018,31710000.0,23682398.0
27085,2001,12275900.0,18039542.0
27085,2003,15498900.0,21024040.0
27085,2004,16286400.0,22450300.0
27085,2005,18878300.0,23524216.0
27085,2011,16215000.0,21090476.0
27085,2014,10420000.0,20393972.0
27087,2002,981294.0,644098.6
27087,2003,1624000.0,144712.2
27087,2007,3966390.0,1683740.8
27087,2013,7014000.0,3033754.0
27087,2014,3526000.0,801487.44
27087,2019,0.0,2901240.5
27087,2022,8327207.5,5740984.5
27089,2003,504000.0,35298.824
27089,2007,1598158.0,328983.0
27089,2012,4699626.0,5004727.0
27089,2019,6808000.0,427874.56
27089,2020,2994000.0,264222.75
27091,2000,33477600.0,26234440.0
27091,2004,41510400.0,30209970.0
27091,2007,41060720.0,34283070.0
27091,2013,42905000.0,32254242.0
27093,2004,17259300.0,17135328.0
27093,2007,15334950.0,15819894.0
27093,2008,17750000.0,16866972.0
27093,2011,16375000.0,17462190.0
27093,2012,20087844.0,21190952.0
27093,2014,15561000.0,19905366.0
27093,2019,18755000.0,15040460.0
27095,2000,2101200.0,2639900.5
27095,2007,1273200.0,651636.1
27095,2011,1695000.0,2185971.8
27095,2012,3334767.0,4099398.5
27095,2016,3329000.0,4728131.0
27095,2017,4099394.8,3193870.5
27095,2018,0.0,2033531.0
27097,2011,9930000.0,3274280.8
27097,2015,14418000.0,3118646.8
27099,2000,25944200.0,19466230.0
27099,2012,36769530.0,26990534.0
27099,2013,19123000.0,22943164.0
27099,2014,38876000.0,23550294.0
27099,2015,38914000.0,30940838.0
27099,2018,38248000.0,25016066.0
27099,2021,0.0,26788508.0
27099,2022,37444844.0,32774956.0
27101,2000,24206000.0,21160504.0
27101,2005,31922800.0,20326758.0
27101,2006,29353500.0,21616418.0
27101,2016,33054000.0,29188118.0
27101,2017,32647622.0,25901416.0
27101,2018,28278000.0,15821685.0
27101,2022,26301852.0,27769774.0
27103,2001,15002400.0,10767659.0
27103,2015,22194000.0,18459998.0
27103,2018,20443000.0,13983064.0
27103,2022,25977990.0,21047324.0
27105,2001,20135400.0,17650528.0
27105,2003,26014500.0,21600136.0
27105,2005,36203200.0,27972838.0
27105,2007,30225290.0,28740874.0
27105,2009,35035000.0,30894778.0
27105,2013,35532000.0,28946238.0
27105,2016,37572000.0,35065340.0
27105,2017,36007956.0,28464964.0
27105,2018,33085000.0,22057492.0
27105,2021,39344000.0,29619222.0
27107,2000,2606800.0,2472014.2
27107,2008,9900000.0,4872131.0
27107,2014,9568000.0,1893580.2
27107,2017,14809071.0,12968781.0
27109,2001,13527800.0,11728786.0
27109,2004,17715200.0,20292276.0
27109,2010,20591000.0,23092556.0
27109,2011,21190000.0,23758950.0
27109,2018,20502000.0,22231040.0
27111,2005,13858300.0,6210506.5
27111,2006,12982800.0,6946123.5
27111,2011,19300000.0,6172254.0
27111,2012,28699626.0,12315489.0
27111,2014,19160000.0,8196433.0
27111,2021,23702000.0,11169225.0
27113,2007,590890.0,1498687.5
27113,2008,460000.0,4952445.5
27113,2020,0.0,1591540.1
27115,2000,1308000.0,-478206.94
27115,2001,702900.0,-763322.8
27115,2014,619000.0,-923670.56
27115,2015,2106000.0,-553948.5
27117,2012,12581959.0,14367650.0
27117,2014,15270000.0,12455629.0
27117,2018,0.0,10832940.0
27117,2019,10427000.0,12094361.0
27119,2007,6095346.0,634525.8
27119,2008,0.0,3438736.0
27119,2016,14181000.0,6019330.5
27119,2020,7902000.0,855469.44
27121,2001,11661000.0,11530621.0
27121,2013,18951000.0,23220610.0
27121,2019,20791000.0,14588180.0
27121,2022,17738290.0,20262892.0
27123,2002,0.0,-1287390.9
27123,2013,0.0,-1335312.6
27123,2018,0.0,-751378.5
27123,2022,0.0,-1734360.2
27125,2021,2050000.0,3257134.2
27125,2022,2315235.0,9310769.0
27127,2019,39099000.0,27157936.0
27127,2021,40162000.0,25430008.0
27127,2022,48880496.0,39211770.0
27129,2015,51621000.0,35378096.0
27129,2018,43656000.0,29498662.0
27129,2019,44641000.0,24318914.0
27131,2002,12711648.0,12190898.0
27131,2009,14765000.0,16492041.0
27131,2021,15449000.0,17823404.0
27133,2006,22011600.0,24269110.0
27133,2007,20586806.0,24173974.0
27133,2008,24080000.0,20082594.0
27133,2014,19743000.0,21129104.0
27133,2017,25785916.0,20304548.0
27133,2021,26233000.0,20902502.0
27135,2002,115519.0,-982264.25
27135,2005,155400.0,207187.61
27135,2012,1896276.0,1007915.4
27135,2017,1538280.0,469505.66
27135,2021,1545000.0,-613353.75
27137,2008,0.0,-688259.06
27137,2012,7880.0005,60035.9
27137,2022,0.0,-872570.3
27139,2015,6586000.0,8661571.0
27141,2016,4529000.0,4490597.5
27141,2018,0.0,2206020.2
27141,2020,4318000.0,2798983.2
27141,2022,4212532.0,2787998.0
27143,2006,25394300.0,16868384.0
27143,2013,28310000.0,16606874.0
27145,2001,15743400.0,6034641.5
27145,2002,24941822.0,6838884.0
27145,2006,17468500.0,6170939.0
27145,2010,27112000.0,11369102.0
27145,2017,31850522.0,13231761.0
27147,2004,17761900.0,19580432.0
27147,2005,18236400.0,19393384.0
27147,2012,20635176.0,22900330.0
27147,2015,21847000.0,25086804.0
27147,2017,25078746.0,21732310.0
27147,2022,24945640.0,24921838.0
27149,2002,17874792.0,13696258.0
27149,2006,22234100.0,15483855.0
27149,2007,21245418.0,15739079.0
27149,2008,21560000.0,15908160.0
27149,2014,20247000.0,17486234.0
27149,2017,22352002.0,26708064.0
27151,2011,27185000.0,17807574.0
27151,2018,35576000.0,19770010.0
27151,2020,34100000.0,21999578.0
27151,2022,29433660.0,24366014.0
27153,2004,6364800.0,4223969.0
27153,2007,4710893.0,4455079.0
27153,2016,10183000.0,13279202.0
27155,2004,16255899.0,13687232.0
27155,2008,16000000.0,13953930.0
27155,2010,20369000.0,20220946.0
27155,2013,22031000.0,18892036.0
27155,2017,25793048.0,20334676.0
27155,2018,23781000.0,7844055.0
27155,2020,22810000.0,14960933.0
27155,2022,18589544.0,16324869.0
27157,2003,12387300.0,6352616.0
27157,2013,13822000.0,13395443.0
27157,2014,15687000.0,11571555.0
27159,2000,1550000.0,1310918.2
27159,2004,1562400.0,474485.34
27159,2010,2381000.0,3174046.8
27159,2014,2155000.0,804204.75
27159,2017,2517862.0,4980170.0
27161,2010,21424000.0,25463862.0
27161,2021,22939000.0,24991894.0
27163,2013,2902000.0,4386643.5
27163,2016,3520000.0,9496705.0
27163,2017,4187419.0,9118130.0
27163,2019,3487000.0,3239754.0
27165,2004,24225000.0,29835844.0
27165,2007,21410628.0,34214110.0
27165,2010,23494000.0,31786794.0
27165,2019,20909000.0,27371770.0
27165,2022,28429538.0,38144640.0
27167,2000,5257600.0,8138293.5
27167,2002,5054199.0,10501299.0
27167,2009,8050999.5,11497792.0
27167,2010,11465000.0,15370473.0
27169,2005,13431000.0,10781531.0
27169,2018,14724000.0,9456771.0
27171,2001,8114400.0,3176709.5
27171,2004,10481100.0,2745551.2
27171,2010,11455000.0,5401047.0
27171,2014,7364000.0,3728073.2
27171,2017,13076198.0,4960674.0
27173,2002,24491096.0,21099316.0
27173,2006,27783600.0,27734162.0
27173,2007,26391710.0,24225192.0
27173,2011,30415000.0,26165868.0
27173,2016,38846000.0,33102494.0
27173,2020,35582000.0,26388960.0
27173,2022,28714014.0,32603942.0
27001,2001,0.0,753076.6
27001,2008,0.0,-582269.94
27001,2013,163300.0,-276377.84
27001,2014,77500.0,-228003.38
27001,2020,92900.0,464058.28
27001,2021,75600.0,-251650.92
27003,2003,636400.0,923326.8
27003,2011,785000.0,1446614.0
27003,2014,700000.0,1788101.6
27003,2017,1762557.0,864772.75
27005,2007,4514135.0,984305.44
27005,2018,9699000.0,3666044.2
27007,2018,0.0,-583711.6
27007,2022,256010.0,135017.53
27009,2003,5321800.0,1808552.0
27009,2006,5368000.0,2233566.2
27009,2011,4245000.0,9327622.0
27009,2020,8174000.0,9742990.0
27011,2006,11919500.0,17069554.0
27011,2007,10921485.0,13353154.0
27011,2015,15773000.0,17175818.0
27011,2019,14410000.0,19335466.0
27013,2005,32991200.0,33397590.0
27013,2008,32700000.0,30938446.0
27013,2012,29441208.0,27836130.0
27013,2013,36957000.0,28743590.0
27013,2014,29778000.0,30566538.0
27013,2022,46453020.0,35845884.0
27015,2000,21929600.0,26451446.0
27015,2005,26083200.0,29672808.0
27017,2002,54172.0,813793.06
27017,2003,16000.001,-161306.5
27017,2005,0.0,141108.33
27017,2013,43700.0,-492985.78
27017,2016,15200.0,259402.0
27017,2017,27220.0,383370.34
27017,2018,20800.0,-662807.8
27017,2021,0.0,-38567.664
27017,2022,29238.0,320301.47
27019,2000,8373999.5,4881296.5
27019,2009,10239000.0,6243776.5
27019,2012,10450283.0,11216367.0
27019,2018,9471000.0,6065478.0
27019,2022,11439765.0,7732766.0
27021,2000,340200.0,-623151.0
27021,2011,0.0,-261914.44
27021,2016,732000.0,-101061.555
27021,2022,222624.0,-112588.62
27023,2000,21250500.0,17735974.0
27023,2009,25627000.0,32406266.0
27023,2016,29824000.0,34470084.0
27025,2000,2703200.0,1487464.9
27025,2003,1848300.0,806485.5
27025,2007,2604720.0,1648357.6
27025,2012,3555546.0,2539973.8
27025,2017,4090380.2,1464463.8
27025,2019,3255000.0,1679303.1
27027,2016,24536000.0,13431441.0
27027,2018,25036000.0,4819150.5
27029,2008,220000.0,-381256.4
27029,2015,0.0,460546.4
27029,2021,676000.0,4038567.0
27031,2000,0.0,-216719.27
27033,2010,30102000.0,33793770.0
27033,2011,28785000.0,33378952.0
27033,2016,35500000.0,42247664.0
27033,2017,34570140.0,36872410.0
27033,2019,24448000.0,33805776.0
27035,2000,508800.03,-253737.92
27035,2001,324000.0,81629.81
27035,2006,335000.0,-447569.72
27035,2009,841000.0,-159342.23
27035,2010,795000.0,415559.84
27035,2011,861000.0,138558.03
27035,2012,1261259.0,-307727.03
27035,2015,971000.0,555629.4
27037,2004,15955800.0,8892220.0
27039,2000,14847000.0,18297200.0
27039,2004,18130000.0,21622734.0
27039,2015,23567000.0,29434486.0
27039,2018,23561000.0,24920172.0
27039,2022,29571962.0,27545766.0
27041,2003,6195200.0,8128438.0
27041,2006,5497800.0,12168249.0
27041,2009,7085000.0,14302910.0
27041,2012,8870004.0,16241886.0
27041,2014,7054000.0,12474196.0
27043,2001,21646900.0,24876976.0
27043,2005,38114000.0,43623390.0
27043,2009,39496000.0,39699204.0
27043,2019,40169000.0,41340532.0
27045,2002,21823120.0,21338196.0
27045,2003,22460400.0,15204875.0
27045,2004,25568000.0,19878446.0
27045,2014,31499000.0,21540440.0
27045,2018,32446000.0,24178770.0
27047,2011,36110000.0,28852364.0
27047,2021,38109000.0,25649124.0
27049,2004,23656200.0,17266260.0
27049,2010,27853000.0,16775513.0
27049,2011,27515000.0,18115290.0
27049,2012,30822730.0,17063650.0
27049,2013,24191000.0,14828855.0
27051,2002,11736993.0,11982820.0
27051,2011,12595000.0,16873556.0
27051,2017,23136130.0,25474620.0
27053,2002,2219224.0,2662241.0
27053,2010,2380000.0,1928564.1
27053,2014,1293000.0,1543644.2
27055,2002,7300178.0,12149035.0
27055,2006,7934800.0,7815410.5
27055,2011,9265000.0,11560154.0
27055,2018,8878000.0,11439351.0
27055,2019,9372000.0,9799690.0
27055,2020,9314000.0,11289432.0
27055,2021,10763000.0,7184849.5
27057,2001,871500.0,-522972.6
27057,2002,1872691.0,146928.95
27057,2003,1362400.0,-247464.19
27057,2004,720900.0,-762488.75
27057,2015,1010000.0,-97953.914
27057,2019,0.0,503681.53
27059,2014,2367000.0,2336007.0
27059,2016,0.0,3024467.5
27059,2019,3904000.0,1833233.4
27059,2020,4623000.0,1824028.0
27061,2008,0.0,-652076.7
27061,2009,0.0,-337326.4
27061,2012,150680.0,-289253.06
27061,2019,0.0,-49395.023
27063,2006,28608000.0,34354940.0
27063,2012,27040688.0,29002018.0
27063,2016,36767000.0,42122708.0
27065,2006,748800.0,630567.7
27065,2011,1510000.0,1628448.2
27065,2012,1941804.0,4221761.0
27065,2013,0.0,1424329.0
27065,2015,0.0,2222827.5
27067,2004,21576000.0,21816112.0
27067,2007,20510244.0,21079728.0
27067,2010,26711000.0,23122746.0
27067,2016,31617000.0,27256012.0
27067,2017,32950028.0,26449172.0
27067,2020,29157000.0,25034542.0
27069,2009,0.0,451427.88
27069,2012,1630328.0,6856999.5
27069,2013,0.0,994730.94
27069,2015,0.0,1494584.1
27069,2018,1520000.0,-1324997.0
27069,2022,2052239.0,1004793.2
27071,2000,0.0,-220924.14
27071,2010,0.0,-1535974.5
27071,2016,0.0,279914.7
27073,2003,18437700.0,16661587.0
27073,2007,22789892.0,19591568.0
27073,2012,26551508.0,22095288.0
27075,2003,0.0,-402860.1
27075,2005,0.0,-220674.39
27075,2009,0.0,-721221.0
27075,2012,0.0,-254096.3
27075,2019,0.0,-476411.16
27075,2020,0.0,-662160.56
27077,2003,0.0,260403.58
27077,2004,0.0,-404326.97
27077,2006,0.0,-345592.3
27077,2009,0.0,-196540.27
27077,2017,0.0,-63285.77
27077,2022,176125.0,185079.66
27079,2000,13197800.0,10915448.0
27079,2016,18820000.0,22801818.0
27081,2008,13770000.0,11428180.0
27081,2009,17644000.0,17970746.0
27083,2008,27370000.0,27311988.0
27083,2011,26065000.0,30625942.0
27083,2012,28543280.0,25235474.0
27083,2013,29878000.0,32547500.0
27083,2014,27643000.0,28625590.0
27083,2017,32869876.0,30812916.0
27085,2006,18708800.0,23395896.0
27085,2009,20347000.0,23328242.0
27085,2015,21480000.0,28629274.0
27087,2006,2380800.0,1154351.8
27089,2000,561200.0,818963.94
27089,2002,547038.0,857126.56
27089,2004,0.0,410147.84
27089,2005,315000.0,1203174.6
27089,2008,1190000.0,5929574.0
27089,2009,344000.0,1525645.0
27089,2013,6499000.0,828542.6
27089,2016,6666000.0,5629904.0
27091,2003,35700000.0,31050792.0
27091,2009,40634000.0,37073516.0
27091,2010,39755000.0,33629790.0
27091,2016,49000000.0,42591516.0
27091,2021,39560000.0,34631176.0
27093,2001,12450000.0,14375453.0
27093,2002,16256760.0,17992034.0
27093,2006,15957900.0,17602184.0
27093,2013,20608000.0,26152610.0
27093,2018,0.0,26197810.0
27095,2001,1554000.0,1728598.6
27095,2005,1846800.0,938686.94
27095,2014,1160000.0,1183818.6
27097,2000,8763300.0,2665021.5
27097,2005,8121999.5,1855792.5
27097,2018,11787000.0,2972023.8
27097,2019,10654000.0,2776758.8
27097,2022,12179959.0,12879037.0
27099,2002,28711146.0,24776718.0
27099,2003,23016000.0,23327054.0
27099,2008,29780000.0,30053102.0
27099,2009,31996000.0,27326480.0
27099,2016,40825000.0,31073390.0
27099,2020,39413000.0,34391844.0
27101,2002,22994174.0,16802782.0
27101,2003,23688000.0,14987513.0
27101,2004,28381500.0,27065392.0
27101,2008,29140000.0,23425130.0
27101,2012,23013304.0,23126708.0
27101,2021,34702000.0,25835034.0
27103,2007,20022460.0,18498998.0
27103,2010,20953000.0,19894214.0
27103,2011,19150000.0,14733470.0
27103,2013,23054000.0,15581425.0
27103,2021,22778000.0,16998366.0
27105,2011,35525000.0,31345726.0
27105,2019,24904000.0,31010324.0
27105,2022,30637108.0,30995418.0
27107,2005,4152700.0,2754424.0
27107,2019,0.0,3172128.8
27107,2022,14837436.0,9855151.0
27109,2006,18515200.0,22070220.0
27109,2008,18050000.0,23145598.0
27109,2012,19704130.0,21160866.0
27109,2014,23197000.0,22146244.0
27109,2015,21336000.0,23964528.0
27109,2022,25031694.0,26363218.0
27111,2001,12090400.0,4649405.0
27111,2002,15390830.0,7599335.0
27111,2010,19376000.0,10658472.0
27111,2017,28739618.0,16112827.0
27113,2003,117700.0,1140461.9
27113,2006,72000.0,2006389.1
27113,2009,63000.0,2951604.8
27113,2012,639109.0,11449308.0
27113,2018,0.0,-33389.598
27115,2010,1841000.0,440856.6
27115,2016,0.0,364232.38
27115,2021,2110000.0,230705.55
27117,2003,12718200.0,11196168.0
27117,2015,17536000.0,20893926.0
27117,2020,17425000.0,19506930.0
27119,2006,2488800.0,212762.69
27119,2010,6012000.0,2434894.0
27119,2012,14439611.0,11653033.0
27119,2014,8710000.0,2064934.2
27119,2015,10734000.0,3922976.0
27121,2002,14715190.0,15690254.0
27121,2008,13680000.0,17255822.0
27121,2010,17695000.0,19748528.0
27121,2016,21535000.0,22776388.0
27121,2017,21602484.0,23502380.0
27121,2018,20709000.0,23078708.0
27121,2020,18409000.0,22946270.0
27123,2005,0.0,-1498398.5
27123,2006,0.0,-1446330.5
27123,2007,0.0,-1736592.8
27123,2008,0.0,-378324.56
27123,2010,0.0,-481351.03
27123,2012,0.0,-1646360.9
27125,2000,384000.0,1853754.2
27125,2004,176400.0,343123.62
27125,2008,1070000.0,7279805.0
27125,2011,1690000.0,1433358.4
27125,2012,1431664.0,11606107.0
27125,2013,2797000.0,4776629.5
27125,2017,2791679.0,8578200.0
27125,2019,0.0,3514865.8
27127,2002,34074988.0,31864606.0
27127,2010,42962000.0,33380730.0
27127,2013,41958000.0,36571250.0
27129,2006,43011000.0,33341850.0
27129,2007,42881940.0,33769680.0
27129,2010,45884000.0,31294684.0
27129,2012,47029840.0,30300458.0
27129,2013,49427000.0,32916488.0
27131,2000,11172000.0,12639627.0
27131,2001,10071000.0,11131232.0
27131,2004,12937000.0,17046646.0
27131,2005,12179200.0,15762888.0
27131,2013,12892000.0,12872914.0
27131,2018,14785000.0,18860894.0
27131,2020,16377001.0,18044994.0
27133,2002,16628197.0,19237212.0
27133,2004,20192400.0,27015042.0
27133,2009,22900000.0,24982292.0
27133,2010,23785000.0,27125556.0
27133,2011,24060000.0,24721820.0
27133,2015,27171000.0,33688180.0
27133,2016,27082000.0,31385530.0
27137,2006,0.0,-586791.25
27137,2013,0.0,-484183.06
27137,2015,23000.0,-31165.838
27137,2020,0.0,-153963.62
27137,2021,0.0,10984.331
27139,2002,6020698.0,11492549.0
27139,2003,5600700.0,4554136.0
27139,2008,6200000.0,9346288.0
27139,2010,6330000.0,12305129.0
27139,2011,6220000.0,8126311.5
27139,2016,5778000.0,15601235.0
27141,2017,4977778.0,3292868.8
27141,2021,4409000.0,2952624.8
27143,2000,20163000.0,14424111.0
27143,2001,16443001.0,14479970.0
27143,2003,20065800.0,13850130.0
27143,2005,25243400.0,19201344.0
27143,2010,28371000.0,20138086.0
27143,2015,27493000.0,28183044.0
27145,2000,19227800.0,11248657.0
27145,2005,22838400.0,11911981.0
27145,2007,16663197.0,12618234.0
27145,2008,24850000.0,12349249.0
27145,2022,32564048.0,17655150.0
27147,2003,15314000.0,17881418.0
27147,2006,18476400.0,21556164.0
27147,2008,18200000.0,20211548.0
27147,2014,20757000.0,24086400.0
27147,2016,23199000.0,26704684.0
27147,2019,18340000.0,20085266.0
27147,2021,22121000.0,20612456.0
27149,2001,16755100.0,13739119.0
27149,2003,20913200.0,14987519.0
27149,2005,22525000.0,19791946.0
27149,2011,17165000.0,19174896.0
27149,2012,26930684.0,23170094.0
27149,2013,23370000.0,26027938.0
27149,2020,23191000.0,23397542.0
27149,2022,22496742.0,23672660.0
27151,2000,23560000.0,14084996.0
27151,2009,28950000.0,22467744.0
27153,2000,6457500.0,3094192.8
27153,2001,4659200.0,3927796.2
27153,2002,6438731.0,6691175.5
27153,2003,4979300.0,4139311.2
27153,2006,4331600.0,4328866.0
27153,2009,6609000.0,8271270.0
27153,2011,7745000.0,9594985.0
27153,2014,4600000.0,6533919.0
27153,2021,9286000.0,10178357.0
27155,2000,13635300.0,11245618.0
27155,2001,12815800.0,5361102.0
27155,2003,13824000.0,11435376.0
27155,2006,16805500.0,16083059.0
27155,2009,19308000.0,12279462.0
27155,2021,26243000.0,16988234.0
27157,2001,10312200.0,4746601.0
27157,2002,11854608.0,11246994.0
27157,2012,14193401.0,13883464.0
27157,2015,14537000.0,8902177.0
27157,2018,14495000.0,10990393.0
27159,2006,1315200.0,1996053.9
27159,2007,1284810.0,737167.06
27159,2019,2944000.0,2764254.5
27159,2020,2760000.0,7435738.5
27159,2022,3334062.0,5961097.5
27161,2000,16337400.0,19755978.0
27161,2002,15556154.0,22119792.0
27161,2004,20736000.0,24325138.0
27161,2005,22215600.0,24388168.0
27161,2009,20910000.0,27833836.0
27161,2012,19510614.0,25905964.0
27161,2014,18183000.0,27961260.0
27161,2022,26432334.0,29286346.0
27163,2001,2196500.0,3175235.8
27163,2008,2310000.0,7906637.0
27163,2015,3448000.0,5108196.5
27163,2018,3559000.0,4406692.0
27163,2020,3190000.0,6500410.0
27165,2000,18555000.0,29480972.0
27165,2003,19637800.0,30096846.0
27165,2006,21502400.0,32749756.0
27165,2009,23393000.0,36501650.0
27165,2013,26201000.0,34388250.0
27165,2015,26009000.0,41734076.0
27165,2016,24570000.0,39207710.0
27167,2005,6801800.0,9603646.0
27167,2007,8166876.0,11991209.0
27167,2017,21100394.0,19637630.0
27167,2020,17067000.0,12953437.0
27169,2009,10974000.0,11944061.0
27169,2011,13375000.0,13529451.0
27169,2017,13769697.0,10623005.0
27169,2020,12812000.0,10478296.0
27169,2021,13036000.0,8082868.5
27171,2003,7292400.0,2548070.0
27171,2013,10673000.0,5251362.0
27171,2016,13531000.0,9200577.0
27173,2005,29747200.0,30350112.0
27173,2019,27271000.0,23519952.0
